{
  "id": "2279328",
  "name": "bk2003",
  "font_family": "iconfont",
  "css_prefix_text": "icon-",
  "description": "",
  "glyphs": [
    {
      "icon_id": "1473243",
      "name": "电影",
      "font_class": "dianying",
      "unicode": "e679",
      "unicode_decimal": 59001
    },
    {
      "icon_id": "7817465",
      "name": "我的",
      "font_class": "yixianshi_huaban",
      "unicode": "e617",
      "unicode_decimal": 58903
    },
    {
      "icon_id": "11372734",
      "name": "影院",
      "font_class": "yingyuan",
      "unicode": "e8c0",
      "unicode_decimal": 59584
    }
  ]
}
